
<entities xmlns:xsd="http://www.w3.org/2001/XMLSchema" xmlns:xsi="http://www.w3.org/2001/XMLSchema-instance" timestamp="2024-06-26T20:48:18.7345239Z">
  <entity name="bebe_demotable" displayname="Demo Table">
    <records>
      <record id="33bb8bec-f733-ef11-a316-00224889ecde">
        <field name="createdby" value="0cc5e525-da29-ef11-840b-000d3a2b5e17" lookupentity="systemuser" lookupentityname="Benedikt Bergmann" />
        <field name="createdon" value="2024-06-26T20:09:00.0000000Z" />
        <field name="bebe_demotableid" value="33bb8bec-f733-ef11-a316-00224889ecde" />
        <field name="modifiedby" value="0cc5e525-da29-ef11-840b-000d3a2b5e17" lookupentity="systemuser" lookupentityname="Benedikt Bergmann" />
        <field name="modifiedon" value="2024-06-26T20:09:00.0000000Z" />
        <field name="bebe_name" value="Demo" />
        <field name="ownerid" value="0cc5e525-da29-ef11-840b-000d3a2b5e17" lookupentity="systemuser" lookupentityname="Benedikt Bergmann" />
        <field name="owningbusinessunit" value="1abee525-da29-ef11-840b-000d3a2b5e17" lookupentity="businessunit" lookupentityname="bene-git-preview" />
        <field name="owninguser" value="0cc5e525-da29-ef11-840b-000d3a2b5e17" lookupentity="systemuser" />
        <field name="statecode" value="0" />
        <field name="statuscode" value="1" />
      </record>
    </records>
    <m2mrelationships />
  </entity>
</entities>